bin	total_bp	contig_count	max_bitscore	median_bitscore	mean_bitscore	max_coverage	median_coverage	mean_coverage
Mitochondrion_df	15756	3	12927.0	6890.0	8335.666666666666	0.9998629010145325	0.9941300774829772	0.9746809809362387
SexualChromosomes_df	385309	54	22572.0	3122.5	4236.87037037037	0.9998330039800718	0.9935246200184219	0.9759717060677696
