bin	total_bp	contig_count	max_bitscore	median_bitscore	mean_bitscore	max_coverage	median_coverage	mean_coverage
Mitochondrion_df	15756	3	7478.0	5223.0	5963.666666666667	0.9998629010145325	0.9941300774829772	0.9509677602208765
SexualChromosomes_df	5328612	704	31493.0	2144.5	3121.0454545454545	0.9998330039800718	0.4041363704718138	0.45659889296109485
