bin	total_bp	contig_count	max_bitscore	median_bitscore	mean_bitscore	max_coverage	median_coverage	mean_coverage
Mitochondrion_df	15756	3	7478.0	5223.0	5948.666666666667	0.9998629010145325	0.9941300774829772	0.9509677602208765
SexualChromosomes_df	1629580	248	31493.0	2514.0	3640.0040322580644	0.9998330039800718	0.6789424498050978	0.7083214729335795
