bin	total_bp	contig_count	max_bitscore	median_bitscore	mean_bitscore	max_coverage	median_coverage	mean_coverage
Mitochondrion_df	15756	3	7269.0	5190.0	5883.0	0.9998629010145325	0.9941300774829772	0.9509677602208765
SexualChromosomes_df	593939	94	22572.0	2948.0	3645.7978723404253	0.9998330039800718	0.9213329115151786	0.9040524380783425
